"id","method","status","result","source"
"A01","SVG + Wasm 렌더","원격 실패","기본 비용 확인; SVG 생성은 제외한 하한 시험","AI_PNG_REMOTE_2026-10-02.jsonl"
"A02","CompressionStream 대체 압축","원격 실패","RGBA 보존. 기본 방식과 모두10ms 초과","AI_PNG_REMOTE_2026-10-02.jsonl"
"A03","zlib level1 압축","로컬·후속 통합","압축률을 낮춘 손실 없는 후보","AI_PNG_PROFILE_2026-10-02.json"
"A04","12개 세로 구간 + 합성","원격 실패","일부 구간/합성 초과; 구간41개 로그 누락","AI_PNG_BANDS_REMOTE_2026-10-02.jsonl"
"A05","Wasm 초기화 위치 이동","구간 시험에 포함","독립 효과를 분리 측정하지 않음","AI_CARD_AUTOMATION_FEASIBILITY.md"
"A06","사전 글자 atlas + indexed PNG","원격 실패","폰트 path/raster 계산을 사전 처리로 이동","AI_PNG_ATLAS_REMOTE_2026-10-02.jsonl"
"A07","글자 준비 Worker 분리","원격 실패","준비는 대부분10ms 이내; 수집·조립8회 모두 초과","AI_PNG_ATLAS_CHUNKS_REMOTE_2026-10-02.jsonl"
"A08","조립 배치 중복 계산 제거","로컬 혼합","5예제에서 일관된 속도 개선 없음","AI_PNG_ATLAS_ASSEMBLY_PROFILE_2026-10-02.json"
"A09","수집·최종 조립 분리","원격 실패","확보한 조립3회 모두 초과;31개 생성 로그 누락","AI_PNG_ATLAS_PIPELINE_REMOTE_2026-10-02.jsonl"
"A10","64/32슬롯 작은 글자 페이지","로컬·원격 통합","읽기 바이트 감소; 조회·묶음 변경이 함께 포함","AI_PNG_OPTIMIZED_2026-10-02_LOCAL.json"
"A11","본문 단일 청크 재사용·복사 감소","로컬·원격 통합","실제 바이트 상한 검증 유지","AI_PNG_OPTIMIZED_2026-10-02_LOCAL.json"
"A12","800×800 직접 생성","로컬·원격 통합","픽셀45.1% 감소는 계산값이며 CPU 감소율 아님","AI_PNG_OPTIMIZED_2026-10-02_LOCAL.json"
"A13","720×720 직접 생성","로컬·원격 통합","픽셀55.6% 감소; 실제 카카오 작은 글자 품질 미검증","AI_PNG_OPTIMIZED_2026-10-02_LOCAL.json"
"A14","Z_RLE 압축 전략","로컬 채택·원격 통합","1080 압축 구간만0.025~0.154ms 감소","AI_PNG_COMPRESSION_RESEARCH_2026-10-02.json"
"A15","Z_HUFFMAN_ONLY","로컬 제외","기존보다 느림","AI_PNG_COMPRESSION_RESEARCH_2026-10-02.json"
"A16","Z_FIXED","로컬 보류","일관된 개선 없음","AI_PNG_COMPRESSION_RESEARCH_2026-10-02.json"
"A17","memLevel9","로컬 보류","일관된 개선 없음","AI_PNG_COMPRESSION_RESEARCH_2026-10-02.json"
"A18","level0 무압축","로컬 제외","1080 PNG1,168,304B로 앱1MiB 초과","AI_PNG_COMPRESSION_RESEARCH_2026-10-02.json"
"A19","페이지·복사·해상도·RLE 통합","원격 실패","720 조립9ms 한 표본만으로 전체 통과 불가","AI_PNG_OPTIMIZED_SUMMARY_2026-10-02.json"
"A20","요청 경로 중복 복사 제거","개별 효과 미입증","3개 묶음 대조에서 로컬 수집 시간이 길어짐","AI_PNG_LEAN_LOCAL_2026-10-03.json"
"A21","준비 묶음3→4/6/8 비교","6개 선택·원격 실패","기대 실행160→92; 준비 작업량·CPU와 교환","AI_PNG_LEAN_SUMMARY_2026-10-03.json"
"A22","4픽셀 묶음 쓰기","로컬 제외","함수 분리 대조보다 첫 경과 시간 길어짐","AI_PNG_BLIT_ISOLATION_LOCAL_2026-10-03.json"
"A23","실행 중 글자 구간 복사","로컬 제외","구간 준비·임시 할당 비용이 남음","AI_PNG_BLIT_LOCAL_2026-10-03.json"
"A24","픽셀 반복 함수 분리","로컬 후보","작은 중앙값 차이; 표본 감소는 실제 CPU 감소율 아님","AI_PNG_BLIT_ISOLATION_LOCAL_2026-10-03.json"
"A25","native CRC + 함수 분리","로컬 후보·원격 미검증","같은 마지막 실험 첫 중앙값13.82→12.74; 반복 시간 거의 같음","AI_PNG_BLIT_CRC_LOCAL_2026-10-03.json"
