"trial","label","stage","size","phase","metric","expected","captured","missing","min_ms","max_ms","over_10ms","source","pointer"
"svg","SVG 기본 Wasm","render","1080","pipeline","remote_invocation_cpu_ms","12","12","0","49","258","12","AI_PNG_REMOTE_2026-10-02.jsonl",""
"svg","SVG CompressionStream","render","1080","pipeline","remote_invocation_cpu_ms","12","12","0","35","142","12","AI_PNG_REMOTE_2026-10-02.jsonl",""
"svg","인증·전달","collector","1080","pipeline","remote_invocation_cpu_ms","24","24","0","0","1","0","AI_PNG_REMOTE_2026-10-02.jsonl",""
"bands","구간 렌더","render_band","1080","pipeline","remote_invocation_cpu_ms","96","55","41","6","72","41","AI_PNG_BANDS_REMOTE_2026-10-02.jsonl",""
"bands","수집·PNG 합성","collector_assembly","1080","pipeline","remote_invocation_cpu_ms","8","8","0","6","17","6","AI_PNG_BANDS_REMOTE_2026-10-02.jsonl",""
"atlas","글자 읽기·조립","render","1080","pipeline","remote_invocation_cpu_ms","8","8","0","17","54","8","AI_PNG_ATLAS_REMOTE_2026-10-02.jsonl",""
"atlas","인증·전달","collector","1080","pipeline","remote_invocation_cpu_ms","8","8","0","0","1","0","AI_PNG_ATLAS_REMOTE_2026-10-02.jsonl",""
"chunks","글자 준비","glyphs","1080","pipeline","remote_invocation_cpu_ms","58","58","0","1","11","1","AI_PNG_ATLAS_CHUNKS_REMOTE_2026-10-02.jsonl",""
"chunks","수집·조립","collector_assembly","1080","pipeline","remote_invocation_cpu_ms","8","8","0","13","28","8","AI_PNG_ATLAS_CHUNKS_REMOTE_2026-10-02.jsonl",""
"pipeline","글자 준비","glyphs","1080","pipeline","remote_invocation_cpu_ms","84","58","26","3","28","11","AI_PNG_ATLAS_PIPELINE_REMOTE_2026-10-02.jsonl",""
"pipeline","PNG 조립","assembly","1080","pipeline","remote_invocation_cpu_ms","8","3","5","16","35","3","AI_PNG_ATLAS_PIPELINE_REMOTE_2026-10-02.jsonl",""
"pipeline","수집","collector","1080","pipeline","remote_invocation_cpu_ms","8","8","0","5","18","2","AI_PNG_ATLAS_PIPELINE_REMOTE_2026-10-02.jsonl",""
"optimized","glyphs","glyphs","800","pipeline","remote_invocation_cpu_ms","70","45","25","2","13","2","AI_PNG_OPTIMIZED_SUMMARY_2026-10-02.json","/cpu/0"
"optimized","assembly","assembly","800","pipeline","remote_invocation_cpu_ms","5","1","4","11","11","1","AI_PNG_OPTIMIZED_SUMMARY_2026-10-02.json","/cpu/1"
"optimized","collector","collector","800","pipeline","remote_invocation_cpu_ms","5","5","0","8","22","3","AI_PNG_OPTIMIZED_SUMMARY_2026-10-02.json","/cpu/2"
"optimized","glyphs","glyphs","720","pipeline","remote_invocation_cpu_ms","70","43","27","2","13","1","AI_PNG_OPTIMIZED_SUMMARY_2026-10-02.json","/cpu/3"
"optimized","assembly","assembly","720","pipeline","remote_invocation_cpu_ms","5","1","4","9","9","0","AI_PNG_OPTIMIZED_SUMMARY_2026-10-02.json","/cpu/4"
"optimized","collector","collector","720","pipeline","remote_invocation_cpu_ms","5","5","0","6","27","2","AI_PNG_OPTIMIZED_SUMMARY_2026-10-02.json","/cpu/5"
"lean","glyphs","glyphs","800","pipeline","remote_invocation_cpu_ms","36","0","36","","","0","AI_PNG_LEAN_SUMMARY_2026-10-03.json","/cpu/0"
"lean","assembly","assembly","800","pipeline","remote_invocation_cpu_ms","5","5","0","6","19","2","AI_PNG_LEAN_SUMMARY_2026-10-03.json","/cpu/1"
"lean","collector","collector","800","pipeline","remote_invocation_cpu_ms","5","5","0","6","9","0","AI_PNG_LEAN_SUMMARY_2026-10-03.json","/cpu/2"
"lean","glyphs","glyphs","720","pipeline","remote_invocation_cpu_ms","36","0","36","","","0","AI_PNG_LEAN_SUMMARY_2026-10-03.json","/cpu/3"
"lean","assembly","assembly","720","pipeline","remote_invocation_cpu_ms","5","5","0","5","30","3","AI_PNG_LEAN_SUMMARY_2026-10-03.json","/cpu/4"
"lean","collector","collector","720","pipeline","remote_invocation_cpu_ms","5","5","0","4","15","2","AI_PNG_LEAN_SUMMARY_2026-10-03.json","/cpu/5"
"diagnostic","glyphs","glyphs","800","pipeline","remote_invocation_cpu_ms","52","26","26","2","10","0","AI_PNG_DIAGNOSTIC_SUMMARY_2026-10-03.json","/cpu/0"
"diagnostic","assembly","assembly","800","pipeline","remote_invocation_cpu_ms","6","1","5","13","13","1","AI_PNG_DIAGNOSTIC_SUMMARY_2026-10-03.json","/cpu/1"
"diagnostic","collector","collector","800","pipeline","remote_invocation_cpu_ms","6","6","0","4","11","1","AI_PNG_DIAGNOSTIC_SUMMARY_2026-10-03.json","/cpu/2"
"diagnostic","glyphs","glyphs","720","pipeline","remote_invocation_cpu_ms","52","48","4","2","18","5","AI_PNG_DIAGNOSTIC_SUMMARY_2026-10-03.json","/cpu/3"
"diagnostic","assembly","assembly","720","pipeline","remote_invocation_cpu_ms","6","4","2","13","22","4","AI_PNG_DIAGNOSTIC_SUMMARY_2026-10-03.json","/cpu/4"
"diagnostic","collector","collector","720","pipeline","remote_invocation_cpu_ms","6","6","0","7","15","1","AI_PNG_DIAGNOSTIC_SUMMARY_2026-10-03.json","/cpu/5"
"diagnostic","glyphs","glyphs","800","single_glyph","remote_invocation_cpu_ms","36","34","2","1","18","3","AI_PNG_DIAGNOSTIC_SUMMARY_2026-10-03.json","/cpu/6"
"diagnostic","diagnostic_entry","diagnostic_entry","800","single_glyph","remote_invocation_cpu_ms","36","36","0","0","1","0","AI_PNG_DIAGNOSTIC_SUMMARY_2026-10-03.json","/cpu/7"
"diagnostic","glyphs","glyphs","720","single_glyph","remote_invocation_cpu_ms","36","36","0","1","12","2","AI_PNG_DIAGNOSTIC_SUMMARY_2026-10-03.json","/cpu/8"
"diagnostic","diagnostic_entry","diagnostic_entry","720","single_glyph","remote_invocation_cpu_ms","36","36","0","0","1","0","AI_PNG_DIAGNOSTIC_SUMMARY_2026-10-03.json","/cpu/9"
